doi,pub_date,num_files,num_bytes,total_downloads,num_relationships,subject
10.13012/B2IDB-6268941_V1,12/31/2021,6,2540870,5,0,Life Sciences
10.13012/B2IDB-4693684_V3,12/28/2021,1,50439,15,1,Life Sciences
10.13012/B2IDB-3696813_V1,12/9/2021,2,46152,11,2,Life Sciences
10.13012/B2IDB-9227641_V1,12/1/2021,2,151368,20,0,Life Sciences
10.13012/B2IDB-8367769_V2,11/23/2021,9,11941367589,21,1,Physical Sciences
10.13012/B2IDB-6128941_V1,11/19/2021,2,387932942,16,0,
10.13012/B2IDB-2308557_V1,11/18/2021,32,3535595498,19,0,
10.13012/B2IDB-7636863_V1,11/16/2021,2,112307,14,1,Life Sciences
10.13012/B2IDB-5994799_V1,11/5/2021,2,679144,27,1,Social Sciences
10.13012/B2IDB-0888551_V1,11/5/2021,2,521537,18,1,Social Sciences
10.13012/B2IDB-8012140_V1,11/4/2021,3,695862484,29,1,Physical Sciences
10.13012/B2IDB-2566000_V1,11/3/2021,4,3450296295,19,0,Life Sciences
10.13012/B2IDB-5190701_V2,10/28/2021,1,7189,20,1,Life Sciences
10.13012/B2IDB-8967648_V1,10/27/2021,1,303858787,32,1,Life Sciences
10.13012/B2IDB-7904190_V1,10/24/2021,5,21679275,22,1,Life Sciences
10.13012/B2IDB-5556865_V1,10/22/2021,14,1633383,25,0,Life Sciences
10.13012/B2IDB-9526770_V1,10/15/2021,1,2164700,24,0,Technology and Engineering
10.13012/B2IDB-6186460_V1,10/15/2021,1,2066070,24,0,Technology and Engineering
10.13012/B2IDB-4996748_V1,10/15/2021,1,5787407,23,2,Life Sciences
10.13012/B2IDB-4547091_V1,10/15/2021,4,44004,25,0,Life Sciences
10.13012/B2IDB-6359717_V1,10/13/2021,1,114780225,17,3,Physical Sciences
10.13012/B2IDB-3975180_V1,10/11/2021,1,1195545775,30,0,Technology and Engineering
10.13012/B2IDB-1187851_V1,10/10/2021,2,1011702,21,1,Life Sciences
10.13012/B2IDB-3904737_V1,10/4/2021,3,752406932,27,0,Physical Sciences
10.13012/B2IDB-0938556_V1,9/17/2021,16,1356347,19,1,Life Sciences
10.13012/B2IDB-8585682_V1,9/6/2021,2,387400947,4,0,Physical Sciences
10.13012/B2IDB-4814898_V1,9/3/2021,7,2701568988,23,0,Life Sciences
10.13012/B2IDB-5190701_V1,9/1/2021,2,48018,0,1,Life Sciences
10.13012/B2IDB-9043394_V1,8/28/2021,2,135070,15,0,Life Sciences
10.13012/B2IDB-4717502_V1,8/27/2021,2,212303,36,1,Life Sciences
10.13012/B2IDB-8921156_V1,8/24/2021,2,3570077307,22,3,Life Sciences
10.13012/B2IDB-8293871_V1,8/20/2021,12,58689,32,0,Life Sciences
10.13012/B2IDB-1396774_V2,8/15/2021,6,30454504579,22,0,Physical Sciences
10.13012/B2IDB-3427028_V1,8/14/2021,3,1520004,22,1,Life Sciences
10.13012/B2IDB-5565022_V2,8/12/2021,4,26118764035,23,0,Life Sciences
10.13012/B2IDB-4857915_V1,8/5/2021,2,25969976,29,0,Social Sciences
10.13012/B2IDB-1079505_V1,8/4/2021,23,10559777,18,1,Physical Sciences
10.13012/B2IDB-2070560_V1,7/30/2021,5,79162,33,1,Social Sciences
10.13012/B2IDB-8255619_V2,7/22/2021,5,21057461,26,1,Social Sciences
10.13012/B2IDB-7683513_V1,7/21/2021,2,21223,22,2,Life Sciences
10.13012/B2IDB-4635945_V1,7/20/2021,3,104148,26,0,Social Sciences
10.13012/B2IDB-5949772_V1,7/15/2021,3,34257013,38,2,Life Sciences
10.13012/B2IDB-5565022_V1,7/12/2021,2,24059708547,20,0,Life Sciences
10.13012/B2IDB-8275554_V1,7/10/2021,7,11987528359,38,0,Life Sciences
10.13012/B2IDB-2692533_V2,7/9/2021,16,10397170283,13,0,Life Sciences
10.13012/B2IDB-2419626_V1,6/28/2021,4,359249715,49,1,Life Sciences
10.13012/B2IDB-4293962_V1,6/25/2021,2,24652,36,1,Life Sciences
10.13012/B2IDB-1484994_V1,6/24/2021,4,13949406296,42,0,Life Sciences
10.13012/B2IDB-3927212_V1,6/24/2021,3,527087919,37,3,Life Sciences
10.13012/B2IDB-8790412_V1,6/17/2021,241,1.81E+12,84,0,Physical Sciences
10.13012/B2IDB-8788479_V1,6/16/2021,1,1874962,22,2,Life Sciences
10.13012/B2IDB-4499850_V1,6/14/2021,10,1124526187,61,0,Technology and Engineering
10.13012/B2IDB-2315056_V1,6/14/2021,4,87054,37,0,Life Sciences
10.13012/B2IDB-6218430_V1,6/8/2021,5,540016,37,3,Life Sciences
10.13012/B2IDB-2694900_V1,5/26/2021,6,1108842,66,2,Life Sciences
10.13012/B2IDB-4050038_V1,5/21/2021,5,8962131076,77,0,Life Sciences
10.13012/B2IDB-1260194_V1,5/17/2021,1,10727082,323,8,Life Sciences
10.13012/B2IDB-2888536_V1,5/14/2021,1,3492492,41,2,Physical Sciences
10.13012/B2IDB-8285949_V1,5/14/2021,1,515835,62,0,Life Sciences
10.13012/B2IDB-3459813_V1,5/14/2021,10,742034,75,0,Life Sciences
10.13012/B2IDB-9049988_V1,5/14/2021,1,143737,33,0,Life Sciences
10.13012/B2IDB-5222984_V1,5/14/2021,1,1614233,55,0,Life Sciences
10.13012/B2IDB-3595148_V1,5/14/2021,2,267212220,44,0,Life Sciences
10.13012/B2IDB-9179636_V1,5/13/2021,4,19725901,39,0,Life Sciences
10.13012/B2IDB-8470827_V2,5/12/2021,7,349758,47,2,Life Sciences
10.13012/B2IDB-6081052_V1,5/10/2021,3,8297393459,176,4,Physical Sciences
10.13012/B2IDB-0353090_V1,5/10/2021,2,7094742060,62,0,Life Sciences
10.13012/B2IDB-7291801_V1,5/10/2021,2,427075,35,2,Social Sciences
10.13012/B2IDB-0439780_V1,5/9/2021,1,209091,36,0,Life Sciences
10.13012/B2IDB-9246015_V1,5/7/2021,4,2172955718,49,0,Social Sciences
10.13012/B2IDB-4677176_V1,5/7/2021,2,585188767,36,0,Life Sciences
10.13012/B2IDB-2556310_V1,5/7/2021,1,2698506484,43,0,Social Sciences
10.13012/B2IDB-1928463_V1,5/1/2021,1,110412,37,3,Social Sciences
10.13012/B2IDB-7863273_V1,4/30/2021,4,31437935387,123,1,Life Sciences
10.13012/B2IDB-5457902_V1,4/29/2021,6,126416817,152,0,Physical Sciences
10.13012/B2IDB-2831687_V1,4/28/2021,2,11355619,74,1,Social Sciences
10.13012/B2IDB-0705058_V1,4/22/2021,6,25752,47,1,Life Sciences
10.13012/B2IDB-2273402_V1,4/22/2021,2,9020123611,57,0,Social Sciences
10.13012/B2IDB-2865725_V3,4/19/2021,1,67596,44,2,Life Sciences
10.13012/B2IDB-0299659_V1,4/18/2021,1,312443972,46,0,Physical Sciences
10.13012/B2IDB-3112432_V1,4/16/2021,1,570120,41,0,Life Sciences
10.13012/B2IDB-0988473_V1,4/15/2021,5,99809,93,3,Social Sciences
10.13012/B2IDB-2215727_V1,4/12/2021,2,56165584,44,0,Physical Sciences
10.13012/B2IDB-7008049_V1,4/11/2021,29,33963390532,208,0,Life Sciences
10.13012/B2IDB-3548139_V1,4/8/2021,10,53164510221,123,4,Life Sciences
10.13012/B2IDB-8255619_V1,4/6/2021,4,20509072,77,0,Social Sciences
10.13012/B2IDB-4350211_V1,4/6/2021,3,5023099973,56,0,Life Sciences
10.13012/B2IDB-5901636_V1,4/5/2021,2,19055375,55,0,Life Sciences
10.13012/B2IDB-8367769_V1,4/3/2021,8,11507818747,102,0,Physical Sciences
10.13012/B2IDB-1048258_V1,3/31/2021,1,3960605620,31,0,Life Sciences
10.13012/B2IDB-6565690_V1,3/23/2021,1,8730867961,302,1,Technology and Engineering
10.13012/B2IDB-2087785_V1,3/17/2021,23,118626,384,3,Social Sciences
10.13012/B2IDB-5609050_V1,3/15/2021,99,956321803,686,1,Life Sciences
10.13012/B2IDB-6582453_V1,3/14/2021,1,138427463,59,0,Social Sciences
10.13012/B2IDB-2694515_V1,3/10/2021,1,26493,40,0,Life Sciences
10.13012/B2IDB-4580996_V2,3/8/2021,11,314146,95,1,Life Sciences
10.13012/B2IDB-0946028_V2,3/8/2021,2,2279438,77,1,Life Sciences
10.13012/B2IDB-3289560_V1,3/6/2021,10,8.01E+11,2414,2,Technology and Engineering
10.13012/B2IDB-0388499_V1,3/5/2021,4,387195,61,0,Life Sciences
10.13012/B2IDB-8355786_V1,3/5/2021,3,13007,152,2,Life Sciences
10.13012/B2IDB-4580996_V1,3/2/2021,11,393737,68,1,Life Sciences
10.13012/B2IDB-0533274_V1,2/28/2021,3,8553261850,85,0,Physical Sciences
10.13012/B2IDB-5471143_V1,2/26/2021,4,900780,148,1,Life Sciences
10.13012/B2IDB-3388479_V1,2/25/2021,8,586622,188,0,Life Sciences
10.13012/B2IDB-3047783_V1,2/24/2021,5,2.37E+12,138,0,Physical Sciences
10.13012/B2IDB-9651987_V3,2/23/2021,4,1763525,1150,1,Social Sciences
10.13012/B2IDB-0286574_V1,2/18/2021,4,255882551,74,0,Physical Sciences
10.13012/B2IDB-5788371_V1,2/16/2021,2,6116961,56,1,Life Sciences
10.13012/B2IDB-1751983_V1,2/15/2021,1,201837,49,0,Life Sciences
10.13012/B2IDB-0897344_V1,2/10/2021,6,82044989623,89,1,Physical Sciences
10.13012/B2IDB-0060601_V1,2/1/2021,11,3085220667,90,0,Physical Sciences
10.13012/B2IDB-3968226_V3,1/27/2021,17,7595270548,288,3,Technology and Engineering
10.13012/B2IDB-7778154_V1,1/25/2021,5,15517,109,1,Life Sciences
10.13012/B2IDB-2418574_V1,1/23/2021,5,6427858751,101,0,Life Sciences
10.13012/B2IDB-9651987_V2,1/8/2021,4,1560404,446,1,Social Sciences
10.13012/B2IDB-4585244_V1,1/4/2021,28,7277975361,350,2,Physical Sciences
10.13012/B2IDB-6081616_V1,12/31/2020,9,297705078,119,1,Life Sciences
10.13012/B2IDB-8033264_V1,12/30/2020,25,1.63E+11,535,1,Life Sciences
10.13012/B2IDB-8724462_V1,12/29/2020,4,16698,70,0,Life Sciences
10.13012/B2IDB-5649852_V2,12/16/2020,6,18645512,268,0,Social Sciences
10.13012/B2IDB-6360821_V1,12/16/2020,3,597340496,120,0,Social Sciences
10.13012/B2IDB-2128492_V1,12/16/2020,3,594890968,126,0,Social Sciences
10.13012/B2IDB-7562109_V1,12/15/2020,3,11017817,156,0,Life Sciences
10.13012/B2IDB-4644759_V1,12/14/2020,2,34318,89,0,Life Sciences
10.13012/B2IDB-1999427_V1,12/12/2020,2,183101,98,3,Life Sciences
10.13012/B2IDB-1681718_V1,12/7/2020,15,85075235,182,0,Life Sciences
10.13012/B2IDB-4710255_V1,12/3/2020,1,13691,66,0,Life Sciences
10.13012/B2IDB-3074705_V1,12/2/2020,3,1164532025,86,1,Life Sciences
10.13012/B2IDB-9720784_V1,12/1/2020,1,24073,78,1,Life Sciences
10.13012/B2IDB-9209722_V1,11/25/2020,1,247459936,31,0,Life Sciences
10.13012/B2IDB-8161232_V1,11/20/2020,1,218236,84,0,Life Sciences
10.13012/B2IDB-6050723_V2,11/18/2020,1,499534,51,0,Life Sciences
10.13012/B2IDB-0791318_V2,11/18/2020,1,16344383,58,1,Physical Sciences
10.13012/B2IDB-9651987_V1,11/16/2020,4,1759217,562,1,Social Sciences
10.13012/B2IDB-6482573_V1,11/14/2020,5,151636,163,1,Life Sciences
10.13012/B2IDB-6667667_V1,11/6/2020,2,2187037216,38,2,Life Sciences
10.13012/B2IDB-6862941_V2,11/5/2020,34,7350584906,534,2,Life Sciences
10.13012/B2IDB-0887518_V1,11/1/2020,1,144117,94,1,Life Sciences
10.13012/B2IDB-9238850_V1,10/30/2020,1,74278,36,0,Life Sciences
10.13012/B2IDB-1591542_V1,10/28/2020,11,32645,217,1,Life Sciences
10.13012/B2IDB-3407079_V2,10/27/2020,1,62946,56,0,Life Sciences
10.13012/B2IDB-8212056_V2,10/27/2020,1,1816344,122,0,Life Sciences
10.13012/B2IDB-3285089_V2,10/27/2020,1,139871,33,0,Life Sciences
10.13012/B2IDB-7110302_V1,10/27/2020,1,17404,32,0,Physical Sciences
10.13012/B2IDB-2692533_V1,10/26/2020,6,3656009518,82,0,Life Sciences
10.13012/B2IDB-6773581_V2,10/26/2020,1,8073906,32,0,Life Sciences
10.13012/B2IDB-4623305_V2,10/26/2020,1,1961223,151,0,Life Sciences
10.13012/B2IDB-3968226_V2,10/24/2020,15,6702882722,162,3,Technology and Engineering
10.13012/B2IDB-9133967_V1,10/20/2020,19,61028835683,228,2,Life Sciences
10.13012/B2IDB-0684398_V1,10/16/2020,2,626615915,98,0,Life Sciences
10.13012/B2IDB-4272529_V1,10/15/2020,15,800991628,290,0,Life Sciences
10.13012/B2IDB-4045402_V1,10/14/2020,2,16365,89,0,Life Sciences
10.13012/B2IDB-0946771_V1,10/13/2020,2,121115,80,1,Arts and Humanities
10.13012/B2IDB-0454350_V1,10/11/2020,3,15407884,192,1,Social Sciences
10.13012/B2IDB-8972634_V1,10/1/2020,9,73288,197,0,Life Sciences
10.13012/B2IDB-0742378_V1,10/1/2020,1,3721802,111,1,Life Sciences
10.13012/B2IDB-3596430_V1,10/1/2020,7,19176633,218,1,Life Sciences
10.13012/B2IDB-2432396_V1,9/27/2020,1,16120,104,1,Life Sciences
10.13012/B2IDB-6834324_V1,9/27/2020,2,6802,88,1,Social Sciences
10.13012/B2IDB-2643961_V1,9/25/2020,2,3373515801,87,2,Life Sciences
10.13012/B2IDB-0818023_V1,9/25/2020,89,32470268767,720,1,Life Sciences
10.13012/B2IDB-8170405_V1,9/18/2020,14,32728855630,212,0,Life Sciences
10.13012/B2IDB-6771049_V1,9/17/2020,4,764219,116,1,Life Sciences
10.13012/B2IDB-6050723_V1,9/14/2020,1,499610,40,0,Life Sciences
10.13012/B2IDB-2224392_V2,9/7/2020,3,2086739686,149,0,Life Sciences
10.13012/B2IDB-3331845_V2,9/2/2020,4,276165,213,4,Social Sciences
10.13012/B2IDB-9851670_V1,8/31/2020,3,890604672,154,1,Life Sciences
10.13012/B2IDB-0095812_V1,8/25/2020,8,6125556726,176,0,Life Sciences
10.13012/B2IDB-6738796_V1,8/22/2020,1,3194567771,246,3,Technology and Engineering
10.13012/B2IDB-0424970_V1,8/21/2020,7,49062445,464,4,Social Sciences
10.13012/B2IDB-0925335_V1,8/19/2020,3,3003439347,153,0,Technology and Engineering
10.13012/B2IDB-4237085_V1,8/18/2020,6,15564901,200,2,Social Sciences
10.13012/B2IDB-2224392_V1,8/11/2020,3,2166274525,80,1,Life Sciences
10.13012/B2IDB-0791318_V1,8/10/2020,1,7202795,53,1,Physical Sciences
10.13012/B2IDB-9374105_V1,8/10/2020,2,1634283,98,1,Social Sciences
10.13012/B2IDB-1255710_V1,8/1/2020,4,2774291,150,0,Physical Sciences
10.13012/B2IDB-6257171_V1,8/1/2020,90,2119991387,860,0,Physical Sciences
10.13012/B2IDB-4470290_V1,8/1/2020,2,114872,200,1,Life Sciences
10.13012/B2IDB-0851257_V1,7/16/2020,1,704605553,162,0,Social Sciences
10.13012/B2IDB-6955387_V1,7/15/2020,2,286450989,111,0,Life Sciences
10.13012/B2IDB-4004605_V1,7/15/2020,11,273793203,293,0,Life Sciences
10.13012/B2IDB-2626814_V3,7/15/2020,15,576743732,310,2,Life Sciences
10.13012/B2IDB-8470827_V1,7/10/2020,6,323654,208,0,Life Sciences
10.13012/B2IDB-7364919_V1,7/1/2020,1,13511191048,102,0,Technology and Engineering
10.13012/B2IDB-0595759_V1,6/30/2020,1,819561,118,1,Life Sciences
10.13012/B2IDB-2774261_V1,6/26/2020,11,3.03E+11,324,2,Physical Sciences
10.13012/B2IDB-2476863_V1,6/19/2020,4,35359492,192,3,Social Sciences
10.13012/B2IDB-9222782_V1,6/12/2020,6,196503,291,2,Social Sciences
10.13012/B2IDB-3968226_V1,6/11/2020,21,3636343868,545,2,Technology and Engineering
10.13012/B2IDB-6925722_V1,6/6/2020,6,62190,259,1,Life Sciences
10.13012/B2IDB-0065911_V1,6/3/2020,10,13792722281,360,2,Life Sciences
10.13012/B2IDB-9081595_V1,6/3/2020,40,4.60E+11,1390,0,Physical Sciences
10.13012/B2IDB-3573054_V1,6/2/2020,2,426008,197,1,Life Sciences
10.13012/B2IDB-6382488_V1,6/1/2020,1,36512,176,1,Life Sciences
10.13012/B2IDB-9059263_V1,5/31/2020,18,17981396277,742,1,Life Sciences
10.13012/B2IDB-4821336_V1,5/30/2020,1,3112035,128,1,Life Sciences
10.13012/B2IDB-5961181_V2,5/20/2020,2,564291,175,1,Social Sciences
10.13012/B2IDB-5961181_V1,5/18/2020,2,572686,0,1,Social Sciences
10.13012/B2IDB-8882752_V1,5/17/2020,15,7832442357,788,1,Social Sciences
10.13012/B2IDB-4520270_V1,5/15/2020,47,1.59E+11,1128,0,Social Sciences
10.13012/B2IDB-2603648_V1,5/15/2020,3,71958,313,3,Social Sciences
10.13012/B2IDB-4638196_V1,5/13/2020,3,384211849,233,0,Social Sciences
10.13012/B2IDB-7897650_V1,5/12/2020,227,44972143,2105,0,Physical Sciences
10.13012/B2IDB-5649852_V1,5/11/2020,6,20651724,350,0,Social Sciences
10.13012/B2IDB-0647142_V3,5/4/2020,13,2210296637,1608,4,Social Sciences
10.13012/B2IDB-3482175_V1,4/22/2020,4,483745,182,0,Life Sciences
10.13012/B2IDB-9891298_V1,4/22/2020,3,847258,197,1,Social Sciences
10.13012/B2IDB-1530066_V1,4/20/2020,5,1439049,244,0,Life Sciences
10.13012/B2IDB-9371397_V1,4/7/2020,2,231068,181,2,Life Sciences
10.13012/B2IDB-2680911_V1,4/6/2020,2,60879,221,1,Life Sciences
10.13012/B2IDB-7202559_V1,4/2/2020,2,114116,181,1,Life Sciences
10.13012/B2IDB-6100626_V1,3/14/2020,19,178185,824,2,Life Sciences
10.13012/B2IDB-2211060_V2,3/13/2020,18,9951386,650,1,Life Sciences
10.13012/B2IDB-0012086_V1,3/8/2020,2,464687,178,1,Social Sciences
10.13012/B2IDB-1403534_V2,3/3/2020,6,876576,675,7,Social Sciences
10.13012/B2IDB-0490928_V1,2/27/2020,1,27899233,160,3,Life Sciences
10.13012/B2IDB-8150563_V1,2/23/2020,2,146250,310,8,Social Sciences
10.13012/B2IDB-3331845_V1,2/23/2020,2,209084,248,6,Social Sciences
10.13012/B2IDB-0757799_V1,2/12/2020,4,39679853,340,4,Social Sciences
10.13012/B2IDB-1408573_V1,2/12/2020,1,121601199,141,0,Social Sciences
10.13012/B2IDB-7128075_V1,2/12/2020,3,5026854,298,0,Life Sciences
10.13012/B2IDB-7290912_V1,2/5/2020,2,628154,231,0,Life Sciences
10.13012/B2IDB-7017235_V1,2/1/2020,6,472724,308,2,Life Sciences
10.13012/B2IDB-5152821_V1,1/31/2020,10,1313764,768,2,Life Sciences
10.13012/B2IDB-5893373_V1,1/28/2020,2,29155,182,1,Life Sciences
10.13012/B2IDB-7525764_V2,1/27/2020,13,100690397,829,2,Physical Sciences
10.13012/B2IDB-2626814_V2,1/22/2020,13,542003716,566,1,Life Sciences
10.13012/B2IDB-5952573_V1,1/20/2020,11,5.49E+11,563,3,Physical Sciences
10.13012/B2IDB-0946028_V1,1/8/2020,1,608695,142,1,Life Sciences
10.13012/B2IDB-8284108_V1,12/22/2019,2,7647,194,3,Social Sciences
10.13012/B2IDB-9453481_V1,12/20/2019,48,1521499092,2580,0,Life Sciences
10.13012/B2IDB-3686727_V1,12/17/2019,3,68676,278,0,Physical Sciences
10.13012/B2IDB-4860767_V1,12/12/2019,327,1756006444,2836,0,Physical Sciences
10.13012/B2IDB-2211060_V1,12/10/2019,17,366434,667,1,Life Sciences
10.13012/B2IDB-4584681_V1,12/10/2019,13,8054429188,1300,1,Life Sciences
10.13012/B2IDB-0647142_V2,12/10/2019,11,2085648436,1518,4,Social Sciences
10.13012/B2IDB-0440388_V1,12/3/2019,1,116013937,174,1,Life Sciences
10.13012/B2IDB-7784896_V1,12/3/2019,1,159584754,189,0,Life Sciences
10.13012/B2IDB-9401259_V1,11/18/2019,2,1653243111,242,0,Life Sciences
10.13012/B2IDB-9614170_V1,11/12/2019,5,25893353,403,1,Social Sciences
10.13012/B2IDB-5721322_V1,11/11/2019,33,2875420032,1610,0,Life Sciences
10.13012/B2IDB-2626814_V1,11/11/2019,13,542016971,855,0,Life Sciences
10.13012/B2IDB-1403534_V1,10/30/2019,4,535930,241,7,Social Sciences
10.13012/B2IDB-3671567_V1,10/27/2019,22,2.27E+11,1534,0,Technology and Engineering
10.13012/B2IDB-4905767_V1,10/23/2019,86,43165053239,4535,1,Technology and Engineering
10.13012/B2IDB-2865725_V2,10/22/2019,1,65508,197,1,Life Sciences
10.13012/B2IDB-4693684_V2,10/22/2019,1,27390,144,1,Life Sciences
10.13012/B2IDB-6216881_V1,10/19/2019,2,9283052703,392,4,Technology and Engineering
10.13012/B2IDB-7540359_V1,10/18/2019,2,289467,222,0,Life Sciences
10.13012/B2IDB-9822674_V1,10/16/2019,4,247155,340,0,Social Sciences
10.13012/B2IDB-2712449_V1,10/15/2019,2,15515310,261,2,Life Sciences
10.13012/B2IDB-2921318_V1,10/5/2019,4,1.50E+11,644,2,Technology and Engineering
10.13012/B2IDB-4021786_V1,10/3/2019,1,44847619,198,2,Life Sciences
10.13012/B2IDB-7090706_V1,9/25/2019,6,4606640136,447,0,Physical Sciences
10.13012/B2IDB-1094364_V1,9/17/2019,4,13847122416,324,4,Social Sciences
10.13012/B2IDB-0934773_V1,9/17/2019,81,2.94E+11,1834,4,Social Sciences
10.13012/B2IDB-2128477_V1,9/17/2019,16,2883560600,723,1,Life Sciences
10.13012/B2IDB-1917934_V1,9/17/2019,39,1.05E+11,1740,4,Social Sciences
10.13012/B2IDB-7724021_V1,9/6/2019,1,392349,409,0,Social Sciences
10.13012/B2IDB-1599850_V1,9/5/2019,1,408755115,251,0,Life Sciences
10.13012/B2IDB-7439710_V1,9/1/2019,109,1904704174,3154,0,Technology and Engineering
10.13012/B2IDB-2501832_V1,8/30/2019,3,104026,263,1,Life Sciences
10.13012/B2IDB-0647142_V1,8/30/2019,9,1595749231,1715,3,Social Sciences
10.13012/B2IDB-5333299_V1,8/29/2019,1,16362343,169,1,Life Sciences
10.13012/B2IDB-7407320_V1,8/29/2019,4,36337008,814,2,Social Sciences
10.13012/B2IDB-7539223_V1,8/15/2019,50,84506,2335,0,Life Sciences
10.13012/B2IDB-9797270_V1,8/13/2019,7,1809636,472,1,Life Sciences
10.13012/B2IDB-1461292_V1,8/5/2019,26,576183659,1247,1,Life Sciences
10.13012/B2IDB-1747658_V1,7/29/2019,4,148614584,355,3,Life Sciences
10.13012/B2IDB-1402948_V1,7/27/2019,6,22535714877,503,3,Life Sciences
10.13012/B2IDB-0016089_V2,7/26/2019,4,10168,437,1,Life Sciences
10.13012/B2IDB-0016089_V1,7/18/2019,3,39489,166,1,Life Sciences
10.13012/B2IDB-1401121_V1,7/11/2019,5,133483,638,1,Life Sciences
10.13012/B2IDB-8020612_V1,7/8/2019,5,42940163225,370,0,Social Sciences
10.13012/B2IDB-4551278_V1,7/8/2019,13,51115981389,812,0,Social Sciences
10.13012/B2IDB-8512100_V1,7/8/2019,3,80462,368,1,Life Sciences
10.13012/B2IDB-9721455_V1,7/4/2019,1,208761,226,1,Life Sciences
10.13012/B2IDB-9734610_V1,7/4/2019,1,2780803,173,0,Life Sciences
10.13012/B2IDB-9223847_V1,6/22/2019,2,4275,278,3,Life Sciences
10.13012/B2IDB-3805242_V1.1,6/13/2019,2,402913,470,6,Social Sciences
10.13012/B2IDB-1530363_V1,6/12/2019,8,2620790376,738,1,Life Sciences
10.13012/B2IDB-7281207_V1,6/11/2019,3,339464,336,0,Physical Sciences
10.13012/B2IDB-6862941_V1,6/5/2019,33,7349085752,1605,1,Life Sciences
10.13012/B2IDB-4447017_V1,6/3/2019,4,537586205,572,0,Life Sciences
10.13012/B2IDB-9440404_V1,5/31/2019,5,19136471,420,0,Social Sciences
10.13012/B2IDB-9733959_V1,5/31/2019,4,3087876,418,1,Life Sciences
10.13012/B2IDB-0214000_V1,5/22/2019,8,21244133176,596,0,Physical Sciences
10.13012/B2IDB-0779814_V1,5/20/2019,4,9810439052,279,0,Physical Sciences
10.13012/B2IDB-5372808_V1,5/16/2019,6,69239,503,1,Life Sciences
10.13012/B2IDB-0569467_V2,5/16/2019,23,8067670104,1897,2,Life Sciences
10.13012/B2IDB-3352362_V1,5/10/2019,1,235924883,203,0,Life Sciences
10.13012/B2IDB-3407079_V1,5/8/2019,1,63940,157,0,Life Sciences
10.13012/B2IDB-3285089_V1,5/8/2019,1,142059,155,0,Life Sciences
10.13012/B2IDB-4623305_V1,5/8/2019,1,2058279,483,0,Life Sciences
10.13012/B2IDB-6773581_V1,5/8/2019,1,8277179,450,0,Life Sciences
10.13012/B2IDB-8212056_V1,5/8/2019,1,1852974,541,0,Life Sciences
10.13012/B2IDB-3292716_V1,5/7/2019,4,33283,357,0,Life Sciences
10.13012/B2IDB-4085385_V1,5/1/2019,10,14033273877,617,2,Physical Sciences
10.13012/B2IDB-5958960_V2,4/5/2019,1,1560829,239,0,Social Sciences
10.13012/B2IDB-0790815_V3,3/25/2019,42,1606379919,4431,6,Life Sciences
10.13012/B2IDB-2044905_V1,3/22/2019,12,933923079,806,3,Life Sciences
10.13012/B2IDB-9570561_V1,3/19/2019,10,739866776,725,2,Life Sciences
10.13012/B2IDB-4384362_V1,3/19/2019,3,5168389,427,1,Physical Sciences
10.13012/B2IDB-2887291_V1,3/13/2019,1,63559,185,1,Life Sciences
10.13012/B2IDB-9033534_V1,3/6/2019,11,334267,1118,1,Life Sciences
10.13012/B2IDB-7478121_V2,3/6/2019,10,477326,697,1,Life Sciences
10.13012/B2IDB-9119873_V1,3/5/2019,17,5186289,1056,1,Physical Sciences
10.13012/B2-3125702_V1,2/26/2019,9,40149970567,963,5,Life Sciences
10.13012/B2-3044828_V1,2/22/2019,4,4953054277,519,2,Technology and Engineering
10.13012/B2IDB-3993338_V1,2/19/2019,18,3229509,1623,1,Social Sciences
10.13012/B2IDB-1678505_V1,2/7/2019,10,2462012689,708,0,Life Sciences
10.13012/B2IDB-6066174_V1,2/2/2019,1,24064,293,1,Life Sciences
10.13012/B2IDB-7869554_V1,2/2/2019,1,14788,227,1,Life Sciences
10.13012/B2IDB-8518809_V1,1/27/2019,4,1576470031,921,0,Life Sciences
10.13012/B2IDB-0873454_V1,1/7/2019,2,11809436,905,1,Social Sciences
10.13012/B2IDB-5634345_V1,12/31/2018,2,20407,405,1,Social Sciences
10.13012/B2IDB-3782968_V1,12/20/2018,1,135258,269,0,Social Sciences
10.13012/B2IDB-5075871_V1,12/20/2018,1,71702,236,0,Social Sciences
10.13012/B2IDB-9686195_V2,12/20/2018,1,39818,272,0,Technology and Engineering
10.13012/B2IDB-9837167_V1,12/20/2018,1,15596,227,0,Social Sciences
10.13012/B2IDB-8659314_V1,12/20/2018,1,4368,256,0,Social Sciences
10.13012/B2IDB-5958960_V1,12/20/2018,1,1560829,182,0,Social Sciences
10.13012/B2IDB-0790815_V2,12/19/2018,35,1583597165,3328,5,Life Sciences
10.13012/B2IDB-7323993_V1,12/14/2018,2,18134,404,1,Social Sciences
10.13012/B2IDB-0024113_V1,12/13/2018,1,483320914,262,0,Physical Sciences
10.13012/B2IDB-6316661_V2,12/13/2018,1,636176264,285,0,Technology and Engineering
10.13012/B2IDB-6316661_V1,12/12/2018,1,443989510,134,0,
10.13012/B2IDB-9500981_V1,12/6/2018,2,672929,389,1,Life Sciences
10.13012/B2IDB-8993673_V1,12/4/2018,2,2286380,362,1,Life Sciences
10.13012/B2IDB-0071156_V1,12/1/2018,1,1321817,313,1,Life Sciences
10.13012/B2IDB-9729830_V2,11/21/2018,3,390716708,633,0,Life Sciences
10.13012/B2IDB-1932389_V1,11/20/2018,5,3468298173,690,4,Technology and Engineering
10.13012/B2IDB-0569467_V1,11/19/2018,22,8066832135,1553,0,Life Sciences
10.13012/B2IDB-4484338_V1,11/18/2018,7,20627885646,804,1,Technology and Engineering
10.13012/B2IDB-3074701_V1,10/24/2018,5,78660,532,1,Life Sciences
10.13012/B2IDB-1882247_V1,10/17/2018,5,1744036,672,1,Life Sciences
10.13012/B2IDB-8131709_V1,10/5/2018,1,656545,264,1,Life Sciences
10.13012/B2IDB-9213932_V1,10/3/2018,24,46103905055,2460,1,Technology and Engineering
10.13012/B2IDB-2087040_V1,9/26/2018,5,37798,673,0,Life Sciences
10.13012/B2IDB-4817808_V1,9/6/2018,3,32748005,603,4,Social Sciences
10.13012/B2IDB-6701059_V1,9/4/2018,1,52825370,290,1,Social Sciences
10.13012/B2IDB-6396968_V1,8/29/2018,4,202195,713,3,Physical Sciences
10.13012/B2IDB-1324977_V1,8/16/2018,1,15790,380,1,Life Sciences
10.13012/B2IDB-6679875_V1,8/6/2018,1,184695,402,12,Social Sciences
10.13012/B2IDB-0852856_V2,8/3/2018,3,15074,549,1,Life Sciences
10.13012/B2IDB-2805211_V1,8/2/2018,1,23959,333,2,Life Sciences
10.13012/B2IDB-1311182_V1,8/2/2018,1,40476,393,2,Life Sciences
10.13012/B2IDB-9729830_V1,8/1/2018,3,526933142,342,0,Life Sciences
10.13012/B2IDB-1424746_V1,7/29/2018,37,25093703933,3519,1,Life Sciences
10.13012/B2IDB-1075526_V1,7/28/2018,1,51970,444,3,Social Sciences
10.13012/B2IDB-8274875_V1,7/25/2018,1,1161686,243,1,Social Sciences
10.13012/B2IDB-5348256_V1,7/13/2018,3,295923,545,0,Social Sciences
10.13012/B2IDB-0598724_V1,6/20/2018,3,5146819357,503,1,Physical Sciences
10.13012/B2IDB-0170190_V3,6/18/2018,41,556558198,3271,7,Life Sciences
10.13012/B2IDB-3773381_V1,6/6/2018,5,15527007,1146,2,Technology and Engineering
10.13012/B2IDB-4137411_V1,6/5/2018,4,2689032246,761,1,Physical Sciences
10.13012/B2IDB-4469040_V1,6/2/2018,2,44547,415,0,Social Sciences
10.13012/B2IDB-2865725_V1,6/1/2018,1,37295,333,2,Life Sciences
10.13012/B2IDB-4693684_V1,6/1/2018,1,20123,306,3,Life Sciences
10.13012/B2IDB-3897093_V1,5/21/2018,1,40093408,387,0,Physical Sciences
10.13012/B2IDB-0360762_V1,5/16/2018,2,34195353,432,3,Physical Sciences
10.13012/B2IDB-4308433_V1,5/6/2018,11,21768004018,1647,1,Life Sciences
10.13012/B2IDB-6967733_V1,5/1/2018,13,1.18E+11,1772,0,Life Sciences
10.13012/B2IDB-9154233_V1,4/26/2018,8,59659375811,1132,0,Life Sciences
10.13012/B2IDB-9686195_V1,4/24/2018,1,49391,208,0,Technology and Engineering
10.13012/B2IDB-5060298_V1,4/23/2018,4,9574091488,1144,2,Social Sciences
10.13012/B2IDB-9665377_V1,4/23/2018,8,3384231580,1781,1,Social Sciences
10.13012/B2IDB-4742014_V1,4/23/2018,10,1194350822,1864,2,Social Sciences
10.13012/B2IDB-4370459_V1,4/23/2018,4,498380821,1197,1,Social Sciences
10.13012/B2IDB-9087546_V1,4/19/2018,2,751947562,761,8,Social Sciences
10.13012/B2IDB-4222651_V1,4/19/2018,20,6392592252,3725,5,Social Sciences
10.13012/B2IDB-4354331_V1,4/19/2018,2,3735167628,799,5,Social Sciences
10.13012/B2IDB-4074787_V1,4/6/2018,1,29526387,276,2,Technology and Engineering
10.13012/B2IDB-6255617_V1,4/5/2018,2,17181934657,448,1,Life Sciences
10.13012/B2IDB-2237685_V2,3/28/2018,2,1766761,426,3,Social Sciences
10.13012/B2IDB-2237685_V1,3/27/2018,2,1766968,264,3,Social Sciences
10.13012/B2IDB-0170190_V2,3/26/2018,37,556347064,2583,6,Life Sciences
10.13012/B2IDB-0170190_V1,3/16/2018,36,556344441,2347,6,Life Sciences
10.13012/B2IDB-0852856_V1,3/14/2018,3,13820,618,0,Life Sciences
10.13012/B2IDB-4311325_V1,3/8/2018,33,3701736,4712,2,Social Sciences
10.13012/B2IDB-9320144_V2,3/1/2018,13,23073728296,1725,4,Life Sciences
10.13012/B2IDB-5437353_V1,3/1/2018,2,1758883,550,2,Life Sciences
10.13012/B2IDB-9320144_V1,3/1/2018,11,13408703037,480,0,
10.13012/B2IDB-1616387_V1,2/22/2018,2,21610281,545,1,Life Sciences
10.13012/B2IDB-1329706_V1,1/13/2018,1,18694,366,1,Life Sciences
10.13012/B2IDB-3357538_V3,1/11/2018,1,57179,453,0,Physical Sciences
10.13012/B2IDB-2011663_V1,1/3/2018,8,5227044,1216,2,Life Sciences
10.13012/B2IDB-6858418_V2,12/22/2017,436,54371857,9339,1,Life Sciences
10.13012/B2IDB-7239548_V1,12/20/2017,2,1970451272,509,1,Technology and Engineering
10.13012/B2IDB-8336948_V1,12/18/2017,1,48872,325,2,Social Sciences
10.13012/B2IDB-1513733_V2,12/15/2017,4,72101,842,0,Life Sciences
10.13012/B2IDB-3357538_V2,12/15/2017,1,59160,263,0,Physical Sciences
10.13012/B2IDB-1235375_V1,12/14/2017,2,28404824,732,2,Social Sciences
10.13012/B2IDB-5835198_V1,12/14/2017,14,18960172,2032,0,Technology and Engineering
10.13012/B2IDB-3357538_V1,12/13/2017,1,59161,79,0,
10.13012/B2IDB-2436375_V1,12/12/2017,1,4991443,356,2,Physical Sciences
10.13012/B2IDB-1513733_V1,12/12/2017,4,71932,602,0,Life Sciences
10.13012/B2IDB-3661776_V2,12/4/2017,4,60828,912,2,Life Sciences
10.13012/B2IDB-7434833_V2,12/1/2017,2,5563026,474,1,Technology and Engineering
10.13012/B2IDB-0790815_V1,11/29/2017,27,1583427261,2481,3,Life Sciences
10.13012/B2IDB-7434833_V1,11/29/2017,1,5365222,118,1,Technology and Engineering
10.13012/B2IDB-3661776_V1,11/28/2017,3,55558,494,2,Life Sciences
10.13012/B2IDB-8503612_V1,11/15/2017,1,12049,342,0,Social Sciences
10.13012/B2IDB-9342111_V1,11/14/2017,12,1.20E+11,2834,2,Technology and Engineering
10.13012/B2IDB-3175716_V1,10/11/2017,23,5619615,3375,0,Life Sciences
10.13012/B2IDB-9696589_V1,10/10/2017,1,12106702,324,1,Technology and Engineering
10.13012/B2IDB-0478588_V2,9/28/2017,2,194124,604,1,Life Sciences
10.13012/B2IDB-0478588_V1,9/27/2017,1,193189,284,0,
10.13012/B2IDB-0410446_V2,9/26/2017,1,391286,386,1,Social Sciences
10.13012/B2IDB-0410446_V1,9/22/2017,1,391127,292,1,
10.13012/B2IDB-7735354_V1,9/19/2017,11,1989494997,2197,1,Life Sciences
10.13012/B2IDB-1528275_V1,9/8/2017,7,7020906,1259,1,Physical Sciences
10.13012/B2IDB-2031816_V2,9/6/2017,1,54377,321,1,Life Sciences
10.13012/B2IDB-2031816_V1,8/30/2017,1,52985,9,0,
10.13012/B2IDB-1859347_V1,8/11/2017,8,4168748,1410,0,Physical Sciences
10.13012/B2IDB-6485436_V1,7/29/2017,13,25327688492,2459,2,Technology and Engineering
10.13012/B2IDB-6858418_V1,6/28/2017,434,59158083,14950,0,Life Sciences
10.13012/B2IDB-2059727_V1,6/16/2017,1,22085,341,1,Life Sciences
10.13012/B2IDB-7821127_V1,6/16/2017,1,15444,468,1,Life Sciences
10.13012/B2IDB-8658584_V1,6/16/2017,1,20397,314,1,Life Sciences
10.13012/B2IDB-8402610_V1,6/15/2017,2,7256390,797,2,Life Sciences
10.13012/B2IDB-0064468_V1,6/1/2017,3,1045268,771,0,Social Sciences
10.13012/B2IDB-0064468_V2,6/1/2017,3,1044534,1361,1,Social Sciences
10.13012/B2IDB-4021048_V1,5/31/2017,1,20460,420,2,Life Sciences
10.13012/B2IDB-9706842_V1,5/22/2017,3,6920,507,1,Life Sciences
10.13012/B2IDB-4650469_V1,5/1/2017,2,8721649,612,0,Technology and Engineering
10.13012/B2IDB-6946735_V2,3/8/2017,26,4579857032,3155,1,Life Sciences
10.13012/B2IDB-4912922_V2,3/7/2017,2,1402331760,713,2,Life Sciences
10.13012/B2IDB-4912922_V1,3/7/2017,1,1202507456,259,2,Life Sciences
10.13012/B2IDB-0341890_V1,3/2/2017,3,184136,1020,1,Life Sciences
10.13012/B2IDB-5975383_V1,2/28/2017,2,1867964,863,0,Technology and Engineering
10.13012/B2IDB-7570206_V1,2/23/2017,1,20851263699,357,1,Life Sciences
10.13012/B2IDB-6534803_V1,2/21/2017,6,88369328220,1151,0,Life Sciences
10.13012/B2IDB-2204122_V1,2/21/2017,3,38767696131,868,0,Life Sciences
10.13012/B2IDB-6946735_V1,1/6/2017,25,4579854912,3275,1,
10.13012/B2IDB-7860393_V1,12/20/2016,11,11033414,1668,0,Technology and Engineering
10.13012/B2IDB-5495131_V1,12/19/2016,4,1495464,1071,0,Social Sciences
10.13012/B2IDB-9511904_V1,12/18/2016,2,1929745825,560,2,Physical Sciences
10.13012/B2IDB-6648634_V1,12/14/2016,7,61914778299,1383,0,Life Sciences
10.13012/B2IDB-0475732_V1,12/14/2016,6,46534264546,1029,0,Life Sciences
10.13012/B2IDB-4475836_V1,12/14/2016,6,57332194764,1389,0,Life Sciences
10.13012/B2IDB-6530647_V1,12/14/2016,6,48769733921,1135,0,Life Sciences
10.13012/B2IDB-8561435_V1,12/14/2016,10,66932144283,1564,0,Life Sciences
10.13012/B2IDB-0094019_V1,12/14/2016,2,17448896223,567,0,Life Sciences
10.13012/B2IDB-3520220_V1,12/14/2016,18,1.46E+11,2631,0,Life Sciences
10.13012/B2IDB-3958294_V1,12/13/2016,22,10081243245,3106,0,Life Sciences
10.13012/B2IDB-1752285_V1,12/12/2016,1,2402650,353,2,Physical Sciences
10.13012/B2IDB-1001307_V1,12/12/2016,1,5507192,414,2,Physical Sciences
10.13012/B2IDB-4810873_V1,12/12/2016,1,11630445,448,2,Physical Sciences
10.13012/B2IDB-4871125_V1,12/12/2016,1,2390668953,306,2,Physical Sciences
10.13012/B2IDB-3764213_V1,12/12/2016,1,157053493,496,2,Physical Sciences
10.13012/B2IDB-9276024_V1,12/2/2016,1,1318,384,0,Social Sciences
10.13012/B2IDB-5072223_V1,11/30/2016,1,21531,549,2,Life Sciences
10.13012/B2IDB-7546972_V1,11/28/2016,1,93132625,690,2,Physical Sciences
10.13012/B2IDB-0710473_V1,8/18/2016,2,3113,649,1,Social Sciences
10.13012/B2IDB-6795126_V1,8/16/2016,1,546413698,452,2,Life Sciences
10.13012/B2IDB-1082638_V1,8/2/2016,9,2515899715,1836,2,Social Sciences
10.13012/B2IDB-4084515_V1,7/22/2016,31,206088301,4781,1,Life Sciences
10.13012/B2IDB-4900670_V1,6/23/2016,8,5161929142,2324,4,Technology and Engineering
10.13012/B2IDB-1065549_V1,6/23/2016,4,69900072,726,0,Social Sciences
10.13012/B2IDB-4803136_V1,6/23/2016,3,73819364,817,2,Social Sciences
10.13012/J81Z429G,6/6/2016,3,1234130180,847,2,Social Sciences
10.13012/B2IDB-1968634_V1,5/26/2016,2,105845,547,1,Social Sciences
10.13012/J8PN93H8,5/19/2016,6,30770702069,7446,44,Technology and Engineering
10.13012/B2IDB-4602893_V1,5/16/2016,4,265473,944,1,Life Sciences
